<?xml version="1.0"?>
<!--<!DOCTYPE metadata SYSTEM "http://www.esri.com/metadata/esriprof80.dtd">-->
<metadata xml:lang="en"><Esri><CreaDate>20120219</CreaDate><CreaTime>14552200</CreaTime><SyncOnce>FALSE</SyncOnce><SyncDate>20120219</SyncDate><SyncTime>14563100</SyncTime><ModDate>20120219</ModDate><ModTime>14563100</ModTime><DataProperties><itemProps><itemName Sync="TRUE">r294_flown</itemName><imsContentType Sync="TRUE">002</imsContentType><nativeExtBox><westBL Sync="TRUE">164760.804460</westBL><eastBL Sync="TRUE">510429.635641</eastBL><southBL Sync="TRUE">4100295.857464</southBL><northBL Sync="TRUE">4365213.037552</northBL><exTypeCode Sync="TRUE">1</exTypeCode></nativeExtBox><itemSize Sync="TRUE">0.058</itemSize><itemLocation><linkage Sync="TRUE">file://\\LTHP10604TH\C\a_data\aerial_survey\1994_albers\r294_flown.shp</linkage><protocol Sync="TRUE">Local Area Network</protocol></itemLocation></itemProps><coordRef><type Sync="TRUE">Projected</type><geogcsn Sync="TRUE">GCS_North_American_1983</geogcsn><projcsn Sync="TRUE">NAD_1983_UTM_Zone_13N</projcsn><peXml Sync="TRUE">&lt;ProjectedCoordinateSystem xsi:type='typens:ProjectedCoordinateSystem' xmlns:xsi='http://www.w3.org/2001/XMLSchema-instance' xmlns:xs='http://www.w3.org/2001/XMLSchema' xmlns:typens='http://www.esri.com/schemas/ArcGIS/10.0'&gt;&lt;WKT&gt;PROJCS[&amp;quot;NAD_1983_UTM_Zone_13N&amp;quot;,GEOGCS[&amp;quot;GCS_North_American_1983&amp;quot;,DATUM[&amp;quot;D_North_American_1983&amp;quot;,SPHEROID[&amp;quot;GRS_1980&amp;quot;,6378137.0,298.257222101]],PRIMEM[&amp;quot;Greenwich&amp;quot;,0.0],UNIT[&amp;quot;Degree&amp;quot;,0.0174532925199433]],PROJECTION[&amp;quot;Transverse_Mercator&amp;quot;],PARAMETER[&amp;quot;False_Easting&amp;quot;,500000.0],PARAMETER[&amp;quot;False_Northing&amp;quot;,0.0],PARAMETER[&amp;quot;Central_Meridian&amp;quot;,-105.0],PARAMETER[&amp;quot;Scale_Factor&amp;quot;,0.9996],PARAMETER[&amp;quot;Latitude_Of_Origin&amp;quot;,0.0],UNIT[&amp;quot;Meter&amp;quot;,1.0],AUTHORITY[&amp;quot;EPSG&amp;quot;,26913]]&lt;/WKT&gt;&lt;XOrigin&gt;-5120900&lt;/XOrigin&gt;&lt;YOrigin&gt;-9998100&lt;/YOrigin&gt;&lt;XYScale&gt;450445547.3910538&lt;/XYScale&gt;&lt;ZOrigin&gt;-100000&lt;/ZOrigin&gt;&lt;ZScale&gt;10000&lt;/ZScale&gt;&lt;MOrigin&gt;-100000&lt;/MOrigin&gt;&lt;MScale&gt;10000&lt;/MScale&gt;&lt;XYTolerance&gt;0.001&lt;/XYTolerance&gt;&lt;ZTolerance&gt;0.001&lt;/ZTolerance&gt;&lt;MTolerance&gt;0.001&lt;/MTolerance&gt;&lt;HighPrecision&gt;true&lt;/HighPrecision&gt;&lt;WKID&gt;26913&lt;/WKID&gt;&lt;/ProjectedCoordinateSystem&gt;</peXml></coordRef><lineage><Process ToolSource="C:\Program Files\ArcGIS\Desktop10.0\ArcToolbox\Toolboxes\Data Management Tools.tbx\Project" Date="20120219" Time="145522">Project C:\a_data\aerial_survey\1994_albers\r294_flown.shp C:\a_data\aerial_survey\1994_albers\r294_flown_Project.shp PROJCS['NAD_1983_UTM_Zone_13N',GEOGCS['GCS_North_American_1983',DATUM['D_North_American_1983',SPHEROID['GRS_1980',6378137.0,298.257222101]],PRIMEM['Greenwich',0.0],UNIT['Degree',0.0174532925199433]],PROJECTION['Transverse_Mercator'],PARAMETER['False_Easting',500000.0],PARAMETER['False_Northing',0.0],PARAMETER['Central_Meridian',-105.0],PARAMETER['Scale_Factor',0.9996],PARAMETER['Latitude_Of_Origin',0.0],UNIT['Meter',1.0]] NAD_1927_To_NAD_1983_NADCON PROJCS['NAD_1927_UTM_Zone_13N',GEOGCS['GCS_North_American_1927',DATUM['D_North_American_1927',SPHEROID['Clarke_1866',6378206.4,294.9786982]],PRIMEM['Greenwich',0.0],UNIT['Degree',0.0174532925199433]],PROJECTION['Transverse_Mercator'],PARAMETER['False_Easting',500000.0],PARAMETER['False_Northing',0.0],PARAMETER['Central_Meridian',-105.0],PARAMETER['Scale_Factor',0.9996],PARAMETER['Latitude_Of_Origin',0.0],UNIT['Meter',1.0]]</Process></lineage></DataProperties><ArcGISFormat>1.0</ArcGISFormat><ArcGISstyle>FGDC CSDGM Metadata</ArcGISstyle></Esri><idinfo><native Sync="TRUE">Microsoft Windows 2000 Version 5.0 (Build 2195) Service Pack 4; ESRI ArcCatalog 9.0.0.535</native><descript><langdata Sync="TRUE">en</langdata><abstract>1994 USDA Forest Service, Rocky Mountain Region Aerial Detection Survey Data.  "Flown/ not flown" (r294_flown) feature class.  This data depicts the spatial extent where the 1994 aerial detection survey took place.

This data set is a companion to the r294_dmg data, which depicts the occurrence and location of 1994 forest insect, disease, and other biotic and abiotic causes of tree mortality and tree damage.  The r294_flown data set provides information on which areas were surveyed, when the areas were surveyed, who the surveyors were (and their respective agencies), and what type of survey took place.  Air turbulence, cloud shadows, distance from aircraft, haze, smoke, etc., which affect survey accuracies, may also be noted.

A companion handbook entitled "Aerial Survey Geographic Information System Handbook" should be obtained before using this data set.  The handbook is available online at: http://www.fs.fed.us/foresthealth/publications/id/gishandbook.pdf.  This handbook also serves as a data dictionary necessary for deciphering field codes.</abstract><purpose>Aerial survey data sets are created annually to provide trend information on forest insects, diseases, and other biotic and abiotic causes of tree mortality and tree damage; referred to herein as "damage causal agents".  Aerial surveys provide information on the current status for many causal agents, and are important when examining insect activity trends by comparing historical and current survey data over large areas.</purpose><supplinf>It is important to view the r294_flown feature class in conjunction with the r294_dmg feature class in order to determine, for example, if the area in question is actually comprised of no tree mortality/ damage, or simply a case where the area was not aerially surveyed.

**NOTE**
The spatial extent of r294_flown feature class polygons often includes non-forested areas.  This is due to the way the data is collected (i.e., the line feature from the aircraft's GPS flight track record is buffered by a predetermined distance regardless if the actual area on the ground is forested or not).  It would be a mistake to count the acres within the r294_flown feature class as "acres flown" or "acres surveyed" without the incorporation of a vegetation layer.</supplinf></descript><citation><citeinfo><origin>USDA Forest Service, Rocky Mountain Region, Forest Health Management</origin><pubdate>January 15, 1995</pubdate><title Sync="TRUE">r294_flown</title><ftname Sync="TRUE">r294_flown</ftname><geoform Sync="TRUE">vector digital data</geoform><onlink>http://www.fs.fed.us/r2/resources/fhm/aerialsurvey/</onlink><lworkcit><citeinfo><geoform>vector digital data</geoform><onlink>http://www.fs.fed.us/r2/resources/fhm/aerialsurvey/</onlink><origin>USDA Forest Service, Rocky Mountain Region, Forest Health Management</origin><pubdate>1950 to present</pubdate><title>Annual Aerial Detection Overview Survey</title><edition>1994</edition></citeinfo></lworkcit></citeinfo></citation><timeperd><current>publication date</current><timeinfo><sngdate><caldate>1994 (summer field season)</caldate></sngdate></timeinfo></timeperd><status><progress>Complete</progress><update>As needed</update></status><spdom><bounding><westbc Sync="TRUE">-108.890653</westbc><eastbc Sync="TRUE">-104.878241</eastbc><northbc Sync="TRUE">39.436472</northbc><southbc Sync="TRUE">36.989077</southbc></bounding><lboundng><leftbc Sync="TRUE">164810.332643</leftbc><rightbc Sync="TRUE">510478.483492</rightbc><bottombc Sync="TRUE">4100090.447337</bottombc><topbc Sync="TRUE">4365005.259183</topbc></lboundng></spdom><keywords><theme><themekt>None</themekt><themekey>aerial survey</themekey><themekey>aerial detection survey</themekey><themekey>area flown</themekey><themekey>area not flown</themekey><themekey>forest health</themekey><themekey>forest health management</themekey><themekey>forest health protection</themekey><themekey>forest health monitoring</themekey><themekey>USDA Forest Service</themekey><themekey>spatial extent</themekey><themekey>date surveyed</themekey><themekey>surveyor</themekey><themekey>surveying agency</themekey><themekey>type of survey</themekey><themekey>special survey</themekey><themekey>overview survey</themekey></theme><place><placekey>Rocky Mountain Region</placekey><placekey>Colorado</placekey><placekey>Wyoming</placekey><placekey>South Dakota</placekey><placekey>Nebraska</placekey><placekey>Kansas</placekey><placekey>Region 2</placekey></place><temporal><tempkey>1994</tempkey></temporal></keywords><accconst>The "flown/ not flown" data is available digitally from the USDA Forest Service, Rocky Mountain Region, Forest Health Management group.  The cooperators reserve the right to correct, update, modify or replace GIS products.  Using this data for purposes other than those for which it was intended may yield inaccurate or misleading results.

The accompanying r294_dmg GIS data set should be used in conjunction with this data set.  The r294_dmg data set depicts the occurrence and location of 1994 forest insect, disease, and other biotic and abiotic causes of tree mortality and tree damage.</accconst><useconst>The "flown/ not flown" data is available digitally from the USDA Forest Service, Rocky Mountain Region, Forest Health Management group.  The cooperators reserve the right to correct, update, modify or replace GIS products.  Using this data for purposes other than those for which it was intended may yield inaccurate or misleading results.

The accompanying r294_dmg GIS data set should be used in conjunction with this data set.  The r294_dmg data set depicts the occurrence and location of 1994 forest insect, disease, and other biotic and abiotic causes of tree mortality and tree damage.</useconst><natvform Sync="TRUE">Shapefile</natvform><ptcontac><cntinfo><cntvoice>303.236.8001</cntvoice><cntvoice>303.275.5061</cntvoice><cntfax>303.236.9542</cntfax><cntfax>303.275.5075</cntfax><cntemail>ejohnson02@fs.fed.us</cntemail><cntemail>jross@fs.fed.us</cntemail><cntemail>fjcross@fs.fed.us</cntemail><cntemail>jharris@fs.fed.us</cntemail><cntaddr><address>USDA Forest Service</address><address>attn: Erik Johnson or Forest Health staff member</address><addrtype>physical address</addrtype><address>740 Simms Street</address><city>Golden</city><state>Colorado</state><postal>80401</postal><country>USA</country></cntaddr><cntorgp><cntorg>USDA Forest Service, Rocky Mountain Region, Forest Health Management</cntorg><cntper>Erik Johnson</cntper></cntorgp><cntpos>Aerial Survey Program Manager</cntpos><cnttdd>800.659.2656</cnttdd><hours>09:00-16:00 MST</hours><cntinst>email is preferred</cntinst></cntinfo></ptcontac></idinfo><dataIdInfo><envirDesc Sync="TRUE">Microsoft Windows XP Version 5.1 (Build 2600) Service Pack 3; ESRI ArcGIS 10.0.2.3200</envirDesc><dataLang><languageCode Sync="TRUE" value="en" country="US"></languageCode></dataLang><idCitation><resTitle Sync="TRUE">r294_flown</resTitle><presForm><PresFormCd Sync="TRUE" value="005"></PresFormCd></presForm></idCitation><spatRpType><SpatRepTypCd Sync="TRUE" value="001"></SpatRepTypCd></spatRpType><dataExt><geoEle><GeoBndBox esriExtentType="search"><westBL Sync="TRUE">-108.891326</westBL><eastBL Sync="TRUE">-104.878806</eastBL><northBL Sync="TRUE">39.436462</northBL><southBL Sync="TRUE">36.989078</southBL><exTypeCode Sync="TRUE">1</exTypeCode></GeoBndBox></geoEle></dataExt><geoBox esriExtentType="decdegrees"><westBL Sync="TRUE">-108.890653</westBL><eastBL Sync="TRUE">-104.878241</eastBL><northBL Sync="TRUE">39.436472</northBL><southBL Sync="TRUE">36.989077</southBL><exTypeCode Sync="TRUE">1</exTypeCode></geoBox><descKeys><thesaName uuidref="723f6998-058e-11dc-8314-0800200c9a66"></thesaName><keyword Sync="TRUE">002</keyword></descKeys></dataIdInfo><metainfo><langmeta Sync="TRUE">en</langmeta><metstdn Sync="TRUE">FGDC Content Standards for Digital Geospatial Metadata</metstdn><metstdv Sync="TRUE">FGDC-STD-001-1998</metstdv><mettc Sync="TRUE">local time</mettc><metc><cntinfo><cntorgp><cntper>Erik Johnson</cntper><cntorg>USDA Forest Service, Rocky Mountain Region, Forest Health Management</cntorg></cntorgp><cntaddr><addrtype>mailing and physical address</addrtype><city>Golden</city><state>Colorado</state><postal>80401</postal><address>USDA Forest Service, Rocky Mountain Region</address><address>Erik Johnson (or Forest Health staff member)</address><address>740 Simms Street</address><country>USA</country></cntaddr><cntvoice>303.236.8001</cntvoice><cntvoice>303.275.5061</cntvoice><cntfax>303.236.9542</cntfax><cntfax>303.275.5075</cntfax><cntemail>ejohnson02@fs.fed.us</cntemail><cntemail>jross@fs.fed.us</cntemail><cntemail>fjcross@fs.fed.us</cntemail><cntemail>jharris@fs.fed.us</cntemail><cnttdd>800.659.2656</cnttdd><cntpos>Aerial Survey Program Manager</cntpos><hours>0900-1600 MST</hours><cntinst>email preferred</cntinst></cntinfo></metc><metd Sync="TRUE">20060303</metd></metainfo><mdLang><languageCode Sync="TRUE" value="en"></languageCode></mdLang><mdStanName Sync="TRUE">ISO 19115 Geographic Information - Metadata</mdStanName><mdStanVer Sync="TRUE">DIS_ESRI1.0</mdStanVer><mdChar><CharSetCd Sync="TRUE" value="004"></CharSetCd></mdChar><mdHrLv><ScopeCd Sync="TRUE" value="005"></ScopeCd></mdHrLv><mdHrLvName Sync="TRUE">dataset</mdHrLvName><distinfo><resdesc Sync="TRUE">Downloadable Data</resdesc><stdorder><digform><digtinfo><transize Sync="TRUE">0.058</transize><dssize Sync="TRUE">0.058</dssize></digtinfo></digform></stdorder><distrib><cntinfo><cntvoice>303.236.8001</cntvoice><cntvoice>303.275.5061</cntvoice><cntfax>303.236.9542</cntfax><cntfax>303.275.5075</cntfax><cntemail>ejohnson02@fs.fed.us</cntemail><cntemail>jross@fs.fed.us</cntemail><cntemail>fjcross@fs.fed.us</cntemail><cntemail>jharris@fs.fed.us</cntemail><cnttdd>800.659.2656</cnttdd><cntaddr><address>USDA Forest Service, Rocky Mountain Region</address><address>Erik Johnson (or Forest Health staff member)</address><address>740 Simms Street</address><addrtype>mailing and physical address</addrtype><city>Golden</city><state>Colorado</state><postal>80401</postal><country>USA</country></cntaddr><cntorgp><cntorg>USDA Forest Service, Rocky Mountain Region, Forest Health Management</cntorg><cntper>Erik Johnson</cntper></cntorgp><cntpos>Aerial Survey Program Manager</cntpos><hours>0900-1600 MST</hours><cntinst>email preferred</cntinst></cntinfo></distrib></distinfo><distInfo><distributor><distorTran><onLineSrc><orDesc Sync="TRUE">002</orDesc><linkage Sync="TRUE">file://\\LT5794\C$\a_data\aerial_survey\1994_albers\r294_flown.shp</linkage><protocol Sync="TRUE">Local Area Network</protocol></onLineSrc><transSize Sync="TRUE">0.058</transSize></distorTran><distorFormat><formatName Sync="TRUE">Shapefile</formatName></distorFormat></distributor><distFormat><formatName Sync="TRUE">Shapefile</formatName></distFormat><distTranOps><transSize Sync="TRUE">0.058</transSize></distTranOps></distInfo><spdoinfo><direct Sync="TRUE">Vector</direct><ptvctinf><esriterm Name="r294_flown"><efeatyp Sync="TRUE">Simple</efeatyp><efeageom Sync="TRUE">4</efeageom><esritopo Sync="TRUE">FALSE</esritopo><efeacnt Sync="TRUE">7</efeacnt><spindex Sync="TRUE">TRUE</spindex><linrefer Sync="TRUE">FALSE</linrefer></esriterm></ptvctinf></spdoinfo><spatRepInfo><VectSpatRep><topLvl><TopoLevCd Sync="TRUE" value="001"></TopoLevCd></topLvl><geometObjs Name="r294_flown"><geoObjTyp><GeoObjTypCd Sync="TRUE" value="002"></GeoObjTypCd><geoObjCnt Sync="TRUE">7</geoObjCnt></geoObjTyp><geoObjCnt Sync="TRUE">7</geoObjCnt></geometObjs></VectSpatRep></spatRepInfo><eainfo><detailed Name="r294_flown"><enttyp><enttypl Sync="TRUE">r294_flown</enttypl><enttypt Sync="TRUE">Feature Class</enttypt><enttypc Sync="TRUE">7</enttypc><enttypd>USDA Forest Service Region 2 1994 area flown/ not flown polygons</enttypd><enttypds>Aerial Survey Geographic Information System Handboook (available online at: http://www.fs.fed.us/foresthealth/publications/id/gishandbook.pdf)</enttypds></enttyp><attr><attrlabl Sync="TRUE">FID</attrlabl><attalias Sync="TRUE">FID</attalias><attrtype Sync="TRUE">OID</attrtype><attwidth Sync="TRUE">4</attwidth><atprecis Sync="TRUE">0</atprecis><attscale Sync="TRUE">0</attscale><attrdef Sync="TRUE">Internal feature number.</attrdef><attrdefs Sync="TRUE">ESRI</attrdefs><attrdomv><udom Sync="TRUE">Sequential unique whole numbers that are automatically generated.</udom></attrdomv></attr><attr><attrlabl Sync="TRUE">Shape</attrlabl><attalias Sync="TRUE">Shape</attalias><attrtype Sync="TRUE">Geometry</attrtype><attwidth Sync="TRUE">0</attwidth><atprecis Sync="TRUE">0</atprecis><attscale Sync="TRUE">0</attscale><attrdef Sync="TRUE">Feature geometry.</attrdef><attrdefs Sync="TRUE">ESRI</attrdefs><attrdomv><udom Sync="TRUE">Coordinates defining the features.</udom></attrdomv></attr><attr><attrlabl Sync="TRUE">END_DATE2</attrlabl><attalias Sync="TRUE">END_DATE2</attalias><attrtype Sync="TRUE">Date</attrtype><attwidth Sync="TRUE">8</attwidth><attrdefs>Aerial Survey Geographic Information System Handbook Appendix B &amp; C</attrdefs><attrdef>Ending date for survey flown (used only for polygons with more than one attribute)</attrdef><atprecis Sync="TRUE">0</atprecis><attscale Sync="TRUE">0</attscale></attr><attr><attrlabl Sync="TRUE">END_DATE3</attrlabl><attalias Sync="TRUE">END_DATE3</attalias><attrtype Sync="TRUE">Date</attrtype><attwidth Sync="TRUE">8</attwidth><attrdefs>Aerial Survey Geographic Information System Handbook Appendix B &amp; C</attrdefs><attrdef>Ending date for survey flown (used only for polygons with three attributes)</attrdef><atprecis Sync="TRUE">0</atprecis><attscale Sync="TRUE">0</attscale></attr><attr><attrlabl Sync="TRUE">R294_FLO_</attrlabl><attalias Sync="TRUE">R294_FLO_</attalias><attrtype Sync="TRUE">Integer</attrtype><attwidth Sync="TRUE">9</attwidth><atprecis Sync="TRUE">9</atprecis><attscale Sync="TRUE">0</attscale></attr><attr><attrlabl Sync="TRUE">R294_FLO_I</attrlabl><attalias Sync="TRUE">R294_FLO_I</attalias><attrtype Sync="TRUE">Integer</attrtype><attwidth Sync="TRUE">9</attwidth><atprecis Sync="TRUE">9</atprecis><attscale Sync="TRUE">0</attscale></attr><attr><attrlabl Sync="TRUE">SURVEYOR1</attrlabl><attalias Sync="TRUE">SURVEYOR1</attalias><attrtype Sync="TRUE">String</attrtype><attwidth Sync="TRUE">30</attwidth><attrdef>List of aerial surveyors</attrdef><attrdefs>Aerial Survey Geographic Information System Handbook Appendix B and Appendix C.</attrdefs><atprecis Sync="TRUE">0</atprecis><attscale Sync="TRUE">0</attscale></attr><attr><attrlabl Sync="TRUE">SURVEYOR2</attrlabl><attalias Sync="TRUE">SURVEYOR2</attalias><attrtype Sync="TRUE">String</attrtype><attwidth Sync="TRUE">30</attwidth><attrdef>List of aerial surveyors (used only for polygons with more than one attribute)</attrdef><attrdefs>Aerial Survey Geographic Information System Handbook Appendix B and Appendix C.</attrdefs><atprecis Sync="TRUE">0</atprecis><attscale Sync="TRUE">0</attscale></attr><attr><attrlabl Sync="TRUE">SURVEYOR3</attrlabl><attalias Sync="TRUE">SURVEYOR3</attalias><attrtype Sync="TRUE">String</attrtype><attwidth Sync="TRUE">30</attwidth><attrdef>List of aerial surveyors (used only for polygons with three attributes)</attrdef><attrdefs>Aerial Survey Geographic Information System Handbook Appendix B and Appendix C.</attrdefs><atprecis Sync="TRUE">0</atprecis><attscale Sync="TRUE">0</attscale></attr><attr><attrlabl Sync="TRUE">AGENCY1</attrlabl><attalias Sync="TRUE">AGENCY1</attalias><attrtype Sync="TRUE">String</attrtype><attwidth Sync="TRUE">10</attwidth><attrdef>Acronym identifier for agency responsible for flight.</attrdef><attrdefs>Aerial Survey Geographic Information System Handbook Appendix B and Appendix C.</attrdefs><atprecis Sync="TRUE">0</atprecis><attscale Sync="TRUE">0</attscale></attr><attr><attrlabl Sync="TRUE">AGENCY2</attrlabl><attalias Sync="TRUE">AGENCY2</attalias><attrtype Sync="TRUE">String</attrtype><attwidth Sync="TRUE">10</attwidth><attrdefs>Aerial Survey Geographic Information System Handbook Appendix B and Appendix C.</attrdefs><attrdef>Acronym identifier for agency responsible for flight (used only for polygons with more than one attribute).</attrdef><atprecis Sync="TRUE">0</atprecis><attscale Sync="TRUE">0</attscale></attr><attr><attrlabl Sync="TRUE">AGENCY3</attrlabl><attalias Sync="TRUE">AGENCY3</attalias><attrtype Sync="TRUE">String</attrtype><attwidth Sync="TRUE">10</attwidth><attrdefs>Aerial Survey Geographic Information System Handbook Appendix B and Appendix C.</attrdefs><attrdef>Acronym identifier for agency responsible for flight (used only for polygons with three attributes).</attrdef><atprecis Sync="TRUE">0</atprecis><attscale Sync="TRUE">0</attscale></attr><attr><attrlabl Sync="TRUE">PURPOSE3</attrlabl><attalias Sync="TRUE">PURPOSE3</attalias><attrtype Sync="TRUE">String</attrtype><attwidth Sync="TRUE">30</attwidth><attrdefs>Aerial Survey Geographic Information System Handbook Appendix B and Appendix C.</attrdefs><attrdef>Purpose of aerial survey (used only for polygons with three attributes).</attrdef><atprecis Sync="TRUE">0</atprecis><attscale Sync="TRUE">0</attscale></attr><attr><attrlabl Sync="TRUE">FLIGHT_NOT</attrlabl><attalias Sync="TRUE">FLIGHT_NOT</attalias><attrtype Sync="TRUE">String</attrtype><attwidth Sync="TRUE">60</attwidth><attrdef>Flight notes</attrdef><atprecis Sync="TRUE">0</atprecis><attscale Sync="TRUE">0</attscale></attr><attr><attrlabl Sync="TRUE">AREA</attrlabl><attalias Sync="TRUE">AREA</attalias><attrtype Sync="TRUE">Double</attrtype><attwidth Sync="TRUE">13</attwidth><atprecis Sync="TRUE">12</atprecis><attscale Sync="TRUE">11</attscale></attr><attr><attrlabl Sync="TRUE">FLOWN1</attrlabl><attalias Sync="TRUE">FLOWN1</attalias><attrtype Sync="TRUE">SmallInteger</attrtype><attwidth Sync="TRUE">2</attwidth><attrdef>Code identifier for areas flown or not flown.</attrdef><attrdefs>Aerial Survey Geographic Information System Handbook Appendix B and Appendix C.</attrdefs><atprecis Sync="TRUE">2</atprecis><attscale Sync="TRUE">0</attscale></attr><attr><attrlabl Sync="TRUE">PERIMETER</attrlabl><attalias Sync="TRUE">PERIMETER</attalias><attrtype Sync="TRUE">Double</attrtype><attwidth Sync="TRUE">13</attwidth><atprecis Sync="TRUE">12</atprecis><attscale Sync="TRUE">11</attscale></attr><attr><attrlabl Sync="TRUE">FLOWN3</attrlabl><attalias Sync="TRUE">FLOWN3</attalias><attrtype Sync="TRUE">SmallInteger</attrtype><attwidth Sync="TRUE">2</attwidth><attrdefs>Aerial Survey Geographic Information System Handbook Appendix B and Appendix C.</attrdefs><attrdef>Code identifier for areas flown or not flown (used only for polygons with three attributes).</attrdef><atprecis Sync="TRUE">2</atprecis><attscale Sync="TRUE">0</attscale></attr><attr><attrlabl Sync="TRUE">SURVEY_ID1</attrlabl><attalias Sync="TRUE">SURVEY_ID1</attalias><attrtype Sync="TRUE">SmallInteger</attrtype><attwidth Sync="TRUE">2</attwidth><attrdef>Year surveyed (0=2000, 99=1999, etc.)</attrdef><attrdefs>Aerial Survey Geographic Information System Handbook Appendix B and Appendix C.</attrdefs><atprecis Sync="TRUE">2</atprecis><attscale Sync="TRUE">0</attscale></attr><attr><attrlabl Sync="TRUE">SURVEY_ID2</attrlabl><attalias Sync="TRUE">SURVEY_ID2</attalias><attrtype Sync="TRUE">SmallInteger</attrtype><attwidth Sync="TRUE">2</attwidth><attrdefs>Aerial Survey Geographic Information System Handbook Appendix B and Appendix C.</attrdefs><attrdef>Year surveyed (0=2000, 99=1999, etc.).  Used only for polygons with more than one attribute.</attrdef><atprecis Sync="TRUE">2</atprecis><attscale Sync="TRUE">0</attscale></attr><attr><attrlabl Sync="TRUE">SURVEY_ID3</attrlabl><attalias Sync="TRUE">SURVEY_ID3</attalias><attrtype Sync="TRUE">SmallInteger</attrtype><attwidth Sync="TRUE">2</attwidth><attrdefs>Aerial Survey Geographic Information System Handbook Appendix B and Appendix C.</attrdefs><attrdef>Year surveyed (0=2000, 99=1999, etc.).  Used only for polygons with three attributes.</attrdef><atprecis Sync="TRUE">2</atprecis><attscale Sync="TRUE">0</attscale></attr><attr><attrlabl Sync="TRUE">FLOWN2</attrlabl><attalias Sync="TRUE">FLOWN2</attalias><attrtype Sync="TRUE">SmallInteger</attrtype><attwidth Sync="TRUE">2</attwidth><attrdefs>Aerial Survey Geographic Information System Handbook Appendix B and Appendix C.</attrdefs><attrdef>Code identifier for areas flown or not flown (used only for polygons with more than one attribute).</attrdef><atprecis Sync="TRUE">2</atprecis><attscale Sync="TRUE">0</attscale></attr><attr><attrlabl Sync="TRUE">FLIGHT_DAY</attrlabl><attalias Sync="TRUE">FLIGHT_DAY</attalias><attrtype Sync="TRUE">SmallInteger</attrtype><attwidth Sync="TRUE">3</attwidth><attrdef>Number of days from beginning of survey to end of survey.</attrdef><attrdefs>Aerial Survey Geographic Information System Handbook Appendix B and Appendix C.</attrdefs><atprecis Sync="TRUE">3</atprecis><attscale Sync="TRUE">0</attscale></attr><attr><attrlabl Sync="TRUE">FLIGHT_D_2</attrlabl><attalias Sync="TRUE">FLIGHT_D_2</attalias><attrtype Sync="TRUE">SmallInteger</attrtype><attwidth Sync="TRUE">3</attwidth><attrdefs>Aerial Survey Geographic Information System Handbook Appendix B and Appendix C.</attrdefs><attrdef>Number of days from beginning of survey to end of survey (used only for polygons with three attributes).</attrdef><atprecis Sync="TRUE">3</atprecis><attscale Sync="TRUE">0</attscale></attr><attr><attrlabl Sync="TRUE">PURPOSE2</attrlabl><attalias Sync="TRUE">PURPOSE2</attalias><attrtype Sync="TRUE">String</attrtype><attwidth Sync="TRUE">30</attwidth><attrdefs>Aerial Survey Geographic Information System Handbook Appendix B and Appendix C.</attrdefs><attrdef>Purpose of aerial survey (used only for polygons with more than one attribute).</attrdef><atprecis Sync="TRUE">0</atprecis><attscale Sync="TRUE">0</attscale></attr><attr><attrlabl Sync="TRUE">FLIGHT_D_1</attrlabl><attalias Sync="TRUE">FLIGHT_D_1</attalias><attrtype Sync="TRUE">SmallInteger</attrtype><attwidth Sync="TRUE">3</attwidth><attrdefs>Aerial Survey Geographic Information System Handbook Appendix B and Appendix C.</attrdefs><attrdef>Number of days from beginning of survey to end of survey (used only for polygons with more than one attribute).</attrdef><atprecis Sync="TRUE">3</atprecis><attscale Sync="TRUE">0</attscale></attr><attr><attrlabl Sync="TRUE">PURPOSE1</attrlabl><attalias Sync="TRUE">PURPOSE1</attalias><attrtype Sync="TRUE">String</attrtype><attwidth Sync="TRUE">30</attwidth><attrdef>Purpose of aerial survey.</attrdef><attrdefs>Aerial Survey Geographic Information System Handbook Appendix B and Appendix C.</attrdefs><atprecis Sync="TRUE">0</atprecis><attscale Sync="TRUE">0</attscale></attr><attr><attrlabl Sync="TRUE">BEGIN_DATE</attrlabl><attalias Sync="TRUE">BEGIN_DATE</attalias><attrtype Sync="TRUE">Date</attrtype><attwidth Sync="TRUE">8</attwidth><attrdefs>Aerial Survey Geographic Information System Handbook Appendix B &amp; C</attrdefs><attrdef>Beginning date for survey flown</attrdef><atprecis Sync="TRUE">0</atprecis><attscale Sync="TRUE">0</attscale></attr><attr><attrlabl Sync="TRUE">BEGIN_DA_1</attrlabl><attalias Sync="TRUE">BEGIN_DA_1</attalias><attrtype Sync="TRUE">Date</attrtype><attwidth Sync="TRUE">8</attwidth><attrdefs>Aerial Survey Geographic Information System Handbook Appendix B &amp; C</attrdefs><attrdef>Beginning date for survey flown (used only for polygons with more than one attribute)</attrdef><atprecis Sync="TRUE">0</atprecis><attscale Sync="TRUE">0</attscale></attr><attr><attrlabl Sync="TRUE">BEGIN_DA_2</attrlabl><attalias Sync="TRUE">BEGIN_DA_2</attalias><attrtype Sync="TRUE">Date</attrtype><attwidth Sync="TRUE">8</attwidth><attrdef>Beginning date for survey flown (used only for polygons with more than one attribute)</attrdef><attrdefs>Aerial Survey Geographic Information System Handbook Appendix B &amp; C</attrdefs><atprecis Sync="TRUE">0</atprecis><attscale Sync="TRUE">0</attscale></attr><attr><attrlabl Sync="TRUE">END_DATE1</attrlabl><attalias Sync="TRUE">END_DATE1</attalias><attrtype Sync="TRUE">Date</attrtype><attwidth Sync="TRUE">8</attwidth><attrdef>Ending date for survey flown</attrdef><attrdefs>Aerial Survey Geographic Information System Handbook Appendix B &amp; C</attrdefs><atprecis Sync="TRUE">0</atprecis><attscale Sync="TRUE">0</attscale></attr><attr><attrlabl Sync="TRUE">FLT_RGN</attrlabl><attalias Sync="TRUE">FLT_RGN</attalias><attrtype Sync="TRUE">SmallInteger</attrtype><attwidth Sync="TRUE">2</attwidth><atprecis Sync="TRUE">2</atprecis><attscale Sync="TRUE">0</attscale></attr><attr><attrlabl Sync="TRUE">FLT_YR</attrlabl><attalias Sync="TRUE">FLT_YR</attalias><attrtype Sync="TRUE">SmallInteger</attrtype><attwidth Sync="TRUE">4</attwidth><attrdef>Flight year</attrdef><atprecis Sync="TRUE">4</atprecis><attscale Sync="TRUE">0</attscale></attr><attr><attrlabl Sync="TRUE">FLTGRP1</attrlabl><attalias Sync="TRUE">FLTGRP1</attalias><attrtype Sync="TRUE">SmallInteger</attrtype><attwidth Sync="TRUE">2</attwidth><atprecis Sync="TRUE">2</atprecis><attscale Sync="TRUE">0</attscale></attr><attr><attrlabl Sync="TRUE">FLTGRP2</attrlabl><attalias Sync="TRUE">FLTGRP2</attalias><attrtype Sync="TRUE">SmallInteger</attrtype><attwidth Sync="TRUE">2</attwidth><atprecis Sync="TRUE">2</atprecis><attscale Sync="TRUE">0</attscale></attr><attr><attrlabl Sync="TRUE">FLTGRP3</attrlabl><attalias Sync="TRUE">FLTGRP3</attalias><attrtype Sync="TRUE">SmallInteger</attrtype><attwidth Sync="TRUE">2</attwidth><atprecis Sync="TRUE">2</atprecis><attscale Sync="TRUE">0</attscale></attr><attr><attrlabl Sync="TRUE">ACRES</attrlabl><attalias Sync="TRUE">ACRES</attalias><attrtype Sync="TRUE">Double</attrtype><attwidth Sync="TRUE">16</attwidth><attrdef>Acres</attrdef><atprecis Sync="TRUE">15</atprecis><attscale Sync="TRUE">3</attscale></attr><attr><attrlabl Sync="TRUE">HECTARES</attrlabl><attalias Sync="TRUE">HECTARES</attalias><attrtype Sync="TRUE">Double</attrtype><attwidth Sync="TRUE">16</attwidth><attrdef>Hectacres</attrdef><atprecis Sync="TRUE">15</atprecis><attscale Sync="TRUE">3</attscale></attr></detailed><overview><dsoverv>A companion handbook entitled "Aerial Survey Geographic Information System Handbook" should be obtained before using this data set.  The handbook is available online at: http://www.fs.fed.us/foresthealth/publications/id/gishandbook.pdf.  This handbook also serves as a data dictionary necessary for deciphering field codes.</dsoverv><eaover>A companion handbook entitled "Aerial Survey Geographic Information System Handbook" should be obtained before using this data set.  The handbook is available online at: http://www.fs.fed.us/foresthealth/publications/id/gishandbook.pdf.  This handbook also serves as a data dictionary necessary for deciphering field codes.</eaover><eadetcit>Aerial Survey Geographic Information System Handbook (http://www.fs.fed.us/foresthealth/publications/id/gishandbook.pdf)</eadetcit></overview></eainfo><mdDateSt Sync="TRUE">20120219</mdDateSt><spref><horizsys><cordsysn><geogcsn Sync="TRUE">GCS_North_American_1927</geogcsn><projcsn Sync="TRUE">NAD_1927_UTM_Zone_13N</projcsn></cordsysn><planar><planci><plance Sync="TRUE">coordinate pair</plance><plandu Sync="TRUE">meters</plandu><coordrep><absres Sync="TRUE">0.000512</absres><ordres Sync="TRUE">0.000512</ordres></coordrep></planci></planar><geodetic><horizdn Sync="TRUE">North American Datum of 1927</horizdn><ellips Sync="TRUE">Clarke 1866</ellips><semiaxis Sync="TRUE">6378206.400000</semiaxis><denflat Sync="TRUE">294.978698</denflat></geodetic></horizsys></spref><refSysInfo><RefSystem><refSysID><identCode Sync="TRUE" code="26913">NAD_1927_UTM_Zone_13N</identCode><idCodeSpace Sync="TRUE">EPSG</idCodeSpace><idVersion Sync="TRUE">7.4.1</idVersion></refSysID></RefSystem></refSysInfo><dataqual><lineage><procstep><procdesc Sync="TRUE">Metadata imported.</procdesc><srcused>C:\gis_data\aerial_survey\1994\r294_dmg.shp.xml</srcused><date Sync="TRUE">20050202</date><time Sync="TRUE">12520800</time></procstep><procstep><procdesc Sync="TRUE">Metadata imported.</procdesc><srcused>C:\a_data\aerial_survey\1994\r294_flown.shp.xml</srcused><date Sync="TRUE">20050203</date><time Sync="TRUE">09160700</time></procstep><procstep><procdesc Sync="TRUE">Metadata imported.</procdesc><srcused>C:\a_data\aerial_survey\1994\r294_flown.shp.xml</srcused><date Sync="TRUE">20050203</date><time Sync="TRUE">13203700</time></procstep></lineage></dataqual></metadata>
