<?xml version="1.0"?>
<!--<!DOCTYPE metadata SYSTEM "http://www.esri.com/metadata/esriprof80.dtd">-->
<metadata xml:lang="en"><Esri><CreaDate>20120219</CreaDate><CreaTime>14544300</CreaTime><SyncOnce>FALSE</SyncOnce><SyncDate>20120219</SyncDate><SyncTime>14562100</SyncTime><ModDate>20120219</ModDate><ModTime>14562100</ModTime><DataProperties><lineage><Process ToolSource="C:\Program Files\ArcGIS\Desktop10.0\ArcToolbox\Toolboxes\Data Management Tools.tbx\CalculateField" Date="20120210" Time="121100">CalculateField r294_dmg TPA1 "[NO_TREES1] / [ACRES]" VB #</Process><Process ToolSource="C:\Program Files\ArcGIS\Desktop10.0\ArcToolbox\Toolboxes\Data Management Tools.tbx\Project" Date="20120219" Time="145443">Project C:\a_data\aerial_survey\1994_albers\r294_dmg.shp C:\a_data\aerial_survey\1994_albers\r294_dmg_Project.shp PROJCS['NAD_1983_UTM_Zone_13N',GEOGCS['GCS_North_American_1983',DATUM['D_North_American_1983',SPHEROID['GRS_1980',6378137.0,298.257222101]],PRIMEM['Greenwich',0.0],UNIT['Degree',0.0174532925199433]],PROJECTION['Transverse_Mercator'],PARAMETER['False_Easting',500000.0],PARAMETER['False_Northing',0.0],PARAMETER['Central_Meridian',-105.0],PARAMETER['Scale_Factor',0.9996],PARAMETER['Latitude_Of_Origin',0.0],UNIT['Meter',1.0]] NAD_1927_To_NAD_1983_NADCON PROJCS['NAD_1927_UTM_Zone_13N',GEOGCS['GCS_North_American_1927',DATUM['D_North_American_1927',SPHEROID['Clarke_1866',6378206.4,294.9786982]],PRIMEM['Greenwich',0.0],UNIT['Degree',0.0174532925199433]],PROJECTION['Transverse_Mercator'],PARAMETER['False_Easting',500000.0],PARAMETER['False_Northing',0.0],PARAMETER['Central_Meridian',-105.0],PARAMETER['Scale_Factor',0.9996],PARAMETER['Latitude_Of_Origin',0.0],UNIT['Meter',1.0]]</Process></lineage><itemProps><itemName Sync="TRUE">r294_dmg</itemName><imsContentType Sync="TRUE">002</imsContentType><nativeExtBox><westBL Sync="TRUE">169205.306161</westBL><eastBL Sync="TRUE">504984.154495</eastBL><southBL Sync="TRUE">4101665.201995</southBL><northBL Sync="TRUE">4364918.494107</northBL><exTypeCode Sync="TRUE">1</exTypeCode></nativeExtBox><itemSize Sync="TRUE">0.837</itemSize><itemLocation><linkage Sync="TRUE">file://\\LTHP10604TH\C\a_data\aerial_survey\1994_albers\r294_dmg.shp</linkage><protocol Sync="TRUE">Local Area Network</protocol></itemLocation></itemProps><coordRef><type Sync="TRUE">Projected</type><geogcsn Sync="TRUE">GCS_North_American_1983</geogcsn><projcsn Sync="TRUE">NAD_1983_UTM_Zone_13N</projcsn><peXml Sync="TRUE">&lt;ProjectedCoordinateSystem xsi:type='typens:ProjectedCoordinateSystem' xmlns:xsi='http://www.w3.org/2001/XMLSchema-instance' xmlns:xs='http://www.w3.org/2001/XMLSchema' xmlns:typens='http://www.esri.com/schemas/ArcGIS/10.0'&gt;&lt;WKT&gt;PROJCS[&amp;quot;NAD_1983_UTM_Zone_13N&amp;quot;,GEOGCS[&amp;quot;GCS_North_American_1983&amp;quot;,DATUM[&amp;quot;D_North_American_1983&amp;quot;,SPHEROID[&amp;quot;GRS_1980&amp;quot;,6378137.0,298.257222101]],PRIMEM[&amp;quot;Greenwich&amp;quot;,0.0],UNIT[&amp;quot;Degree&amp;quot;,0.0174532925199433]],PROJECTION[&amp;quot;Transverse_Mercator&amp;quot;],PARAMETER[&amp;quot;False_Easting&amp;quot;,500000.0],PARAMETER[&amp;quot;False_Northing&amp;quot;,0.0],PARAMETER[&amp;quot;Central_Meridian&amp;quot;,-105.0],PARAMETER[&amp;quot;Scale_Factor&amp;quot;,0.9996],PARAMETER[&amp;quot;Latitude_Of_Origin&amp;quot;,0.0],UNIT[&amp;quot;Meter&amp;quot;,1.0],AUTHORITY[&amp;quot;EPSG&amp;quot;,26913]]&lt;/WKT&gt;&lt;XOrigin&gt;-5120900&lt;/XOrigin&gt;&lt;YOrigin&gt;-9998100&lt;/YOrigin&gt;&lt;XYScale&gt;450445547.3910538&lt;/XYScale&gt;&lt;ZOrigin&gt;-100000&lt;/ZOrigin&gt;&lt;ZScale&gt;10000&lt;/ZScale&gt;&lt;MOrigin&gt;-100000&lt;/MOrigin&gt;&lt;MScale&gt;10000&lt;/MScale&gt;&lt;XYTolerance&gt;0.001&lt;/XYTolerance&gt;&lt;ZTolerance&gt;0.001&lt;/ZTolerance&gt;&lt;MTolerance&gt;0.001&lt;/MTolerance&gt;&lt;HighPrecision&gt;true&lt;/HighPrecision&gt;&lt;WKID&gt;26913&lt;/WKID&gt;&lt;/ProjectedCoordinateSystem&gt;</peXml></coordRef></DataProperties><ArcGISFormat>1.0</ArcGISFormat><ArcGISstyle>FGDC CSDGM Metadata</ArcGISstyle></Esri><idinfo><native Sync="TRUE">Microsoft Windows 2000 Version 5.0 (Build 2195) Service Pack 4; ESRI ArcCatalog 9.0.0.535</native><descript><langdata Sync="TRUE">en</langdata><abstract>1994 USDA Forest Service, Rocky Mountain Region Aerial Detection Survey Data.  This data depicts the occurrence and location of forest insect, disease, and other biotic and abiotic causes of tree mortality and tree damage.  Aerial survey data is collected by observing areas of tree damage or tree mortality from an aircraft and manually recording the information onto a map.

Due to the nature of aerial surveys, this data will only provide rough estimates of location, intensity and the resulting trend information for agents detectable from the air.  Many of the most destructive diseases are not represented in the data because these agents are not detectable from aerial surveys.  The data presented should only be used as a partial indicator of insect and disease activity, and should be validated on the ground for actual location and casual agent.

The accompanying "area flown/ not flown" GIS data set entitled "r294_flown" should be used in conjunction with this data set.  This "area flown/ not flown" data set provides information on the spatial extent of the aerial survey for that particular year.

A companion handbook entitled "Aerial Survey Geographic Information System Handbook" should be obtained before using this data set.  The handbook is available online at: http://www.fs.fed.us/foresthealth/publications/id/gishandbook.pdf.  This handbook also serves as a data dictionary necessary for deciphering numeric field codes.</abstract><purpose>Aerial survey data sets are created annually to provide trend information on forest insects, diseases, and other biotic and abiotic causes of tree mortality and tree damage; referred to herein as "damage causal agents".  Aerial surveys provide information on the current status for many causal agents, and are important when examining insect activity trends by comparing historical and current survey data over large areas.</purpose><supplinf>Aerial survey data sets are created annually to provide trend information on forest insects, diseases, and other biotic and abiotic causes of tree mortality and tree damage; referred to herein as "damage causal agents".  Aerial survey data is collected by observing areas of tree damage or tree mortality from an aircraft and manually recording the information onto a map.  This procedure is considered both an art form and a form of scientific data collection, and is highly subjective.  An observer only has a few seconds to recognize the color difference between healthy and damaged trees of different species; diagnose causal agents correctly; estimate intensity; delineate the extent of damage; and precisely record this information on a georeferenced map.  Air turbulence, cloud shadows, distance from aircraft, haze, smoke, and observer experience can all affect the quality of the survey.  These data sets provide estimates of conditions on the ground and may differ from estimates derived by other methods.

Aerial surveys provide information on the current status for many causal agents, and are important when examining insect activity trends by comparing historical and current survey data over large areas.

Overview surveys are a "snap shot" in time and therefore may not be timed to accurately capture the true extent or severity of a particular disturbance activity.  Aerial surveys can be thought of as the first stage in a multi-stage sampling design.  Other remote sensing approaches, including aerial photography, electro-optical sensors, and specially designed aerial surveys with modified flight patterns, can be used to more accurately delineate the extent and severity of a particular disturbance agent.  The preceding methods are often more costly than overview surveys, and are generally reserved to address situations of sufficient environmental, economic, or political importance.</supplinf></descript><citation><citeinfo><origin>USDA Forest Service, Rocky Mountain Region, Forest Health Management</origin><pubdate>January 15, 1995</pubdate><title Sync="TRUE">r294_dmg</title><ftname Sync="TRUE">r294_dmg</ftname><geoform Sync="TRUE">vector digital data</geoform><onlink>http://www.fs.fed.us/r2/resources/fhm/aerialsurvey/</onlink><lworkcit><citeinfo><geoform>vector digital data</geoform><onlink>http://www.fs.fed.us/r2/resources/fhm/aerialsurvey/</onlink><origin>USDA Forest Service, Rocky Mountain Region, Forest Health Management</origin><pubdate>1950 to present</pubdate><title>Annual Aerial Detection Overview Survey</title><edition>1994</edition></citeinfo></lworkcit></citeinfo></citation><timeperd><current>publication date</current><timeinfo><sngdate><caldate>1994 (summer field season)</caldate></sngdate></timeinfo></timeperd><status><progress>Complete</progress><update>As needed</update></status><spdom><bounding><westbc Sync="TRUE">-108.839026</westbc><eastbc Sync="TRUE">-104.941529</eastbc><northbc Sync="TRUE">39.433818</northbc><southbc Sync="TRUE">37.002968</southbc></bounding><lboundng><leftbc Sync="TRUE">169254.964690</leftbc><rightbc Sync="TRUE">505032.213898</rightbc><bottombc Sync="TRUE">4101459.780711</bottombc><topbc Sync="TRUE">4364710.723356</topbc></lboundng></spdom><keywords><theme><themekt>None</themekt><themekey>aerial survey</themekey><themekey>aerial detection survey</themekey><themekey>forest insect pests</themekey><themekey>forest disease pests</themekey><themekey>damage causal agent</themekey><themekey>tree mortality</themekey><themekey>tree damage</themekey><themekey>forest health</themekey><themekey>forest health management</themekey><themekey>forest health protection</themekey><themekey>forest health monitoring</themekey><themekey>USDA Forest Service</themekey></theme><place><placekey>Rocky Mountain Region</placekey><placekey>Colorado</placekey><placekey>Wyoming</placekey><placekey>South Dakota</placekey><placekey>Nebraska</placekey><placekey>Kansas</placekey><placekey>Region 2</placekey></place><temporal><tempkey>1994</tempkey></temporal></keywords><accconst>The insect and disease data is available digitally from the USDA Forest Service, Rocky Mountain Region, Forest Health Management group.  The cooperators reserve the right to correct, update, modify or replace GIS products.  Using this data for purposes other than those for which it was intended may yield inaccurate or misleading results.


The accompanying "area flown/ not flown" GIS data set entitled "r294_flown" should be used in conjunction with this data set.  This "area flown/ not flown" data set provides information on the spatial extent of the aerial survey for that particular year.</accconst><useconst>The insect and disease data is available digitally from the USDA Forest Service, Rocky Mountain Region, Forest Health Management group.  The cooperators reserve the right to correct, update, modify or replace GIS products.  Using this data for purposes other than those for which it was intended may yield inaccurate or misleading results.

The accompanying "area flown/ not flown" GIS data set entitled "r294_flown" should be used in conjunction with this data set.  This "area flown/ not flown" data set provides information on the spatial extent of the aerial survey for that particular year.</useconst><natvform Sync="TRUE">Shapefile</natvform><datacred>USDA Forest Service, Rocky Mountain Region, Forest Health Management; Erik Johnson - Aerial Survey Program Manager.</datacred><ptcontac><cntinfo><cntvoice>303.236.8001</cntvoice><cntvoice>303.275.5061</cntvoice><cntfax>303.236.9542</cntfax><cntfax>303.275.5075</cntfax><cntemail>ejohnson02@fs.fed.us</cntemail><cntemail>jross@fs.fed.us</cntemail><cntemail>fjcross@fs.fed.us</cntemail><cntemail>jharris@fs.fed.us</cntemail><cntaddr><address>USDA Forest Service</address><address>attn: Erik Johnson or Forest Health staff member</address><addrtype>physical address</addrtype><address>740 Simms Street</address><city>Golden</city><state>Colorado</state><postal>80401</postal><country>USA</country></cntaddr><cntorgp><cntorg>USDA Forest Service, Rocky Mountain Region, Forest Health Management</cntorg><cntper>Erik Johnson</cntper></cntorgp><cntpos>Aerial Survey Program Manager</cntpos><cnttdd>800.659.2656</cnttdd><hours>09:00-16:00 MST</hours><cntinst>email is preferred</cntinst></cntinfo></ptcontac></idinfo><dataIdInfo><envirDesc Sync="TRUE">Microsoft Windows XP Version 5.1 (Build 2600) Service Pack 3; ESRI ArcGIS 10.0.2.3200</envirDesc><dataLang><languageCode Sync="TRUE" value="en" country="US"></languageCode></dataLang><idCitation><resTitle Sync="TRUE">r294_dmg</resTitle><presForm><PresFormCd Sync="TRUE" value="005"></PresFormCd></presForm></idCitation><spatRpType><SpatRepTypCd Sync="TRUE" value="001"></SpatRepTypCd></spatRpType><dataExt><geoEle><GeoBndBox esriExtentType="search"><westBL Sync="TRUE">-108.839700</westBL><eastBL Sync="TRUE">-104.942085</eastBL><northBL Sync="TRUE">39.433808</northBL><southBL Sync="TRUE">37.002969</southBL><exTypeCode Sync="TRUE">1</exTypeCode></GeoBndBox></geoEle></dataExt><geoBox esriExtentType="decdegrees"><westBL Sync="TRUE">-108.839026</westBL><eastBL Sync="TRUE">-104.941529</eastBL><northBL Sync="TRUE">39.433818</northBL><southBL Sync="TRUE">37.002968</southBL><exTypeCode Sync="TRUE">1</exTypeCode></geoBox><descKeys><thesaName uuidref="723f6998-058e-11dc-8314-0800200c9a66"></thesaName><keyword Sync="TRUE">002</keyword></descKeys></dataIdInfo><metainfo><langmeta Sync="TRUE">en</langmeta><metstdn Sync="TRUE">FGDC Content Standards for Digital Geospatial Metadata</metstdn><metstdv Sync="TRUE">FGDC-STD-001-1998</metstdv><mettc Sync="TRUE">local time</mettc><metc><cntinfo><cntorgp><cntper>Erik Johnson</cntper><cntorg>USDA Forest Service, Rocky Mountain Region, Forest Health Management</cntorg></cntorgp><cntaddr><addrtype>mailing and physical address</addrtype><city>Golden</city><state>Colorado</state><postal>80401</postal><address>USDA Forest Service, Rocky Mountain Region</address><address>Erik Johnson (or Forest Health staff member)</address><address>740 Simms Street</address><country>USA</country></cntaddr><cntvoice>303.236.8001</cntvoice><cntvoice>303.275.5061</cntvoice><cntfax>303.236.9542</cntfax><cntfax>303.275.5075</cntfax><cntemail>ejohnson02@fs.fed.us</cntemail><cntemail>jross@fs.fed.us</cntemail><cntemail>fjcross@fs.fed.us</cntemail><cntemail>jharris@fs.fed.us</cntemail><cnttdd>800.659.2656</cnttdd><cntpos>Aerial Survey Program Manager</cntpos><hours>0900-1600 MST</hours><cntinst>email preferred</cntinst></cntinfo></metc><metd Sync="TRUE">20060303</metd></metainfo><mdLang><languageCode Sync="TRUE" value="en"></languageCode></mdLang><mdStanName Sync="TRUE">ISO 19115 Geographic Information - Metadata</mdStanName><mdStanVer Sync="TRUE">DIS_ESRI1.0</mdStanVer><mdChar><CharSetCd Sync="TRUE" value="004"></CharSetCd></mdChar><mdHrLv><ScopeCd Sync="TRUE" value="005"></ScopeCd></mdHrLv><mdHrLvName Sync="TRUE">dataset</mdHrLvName><distinfo><resdesc Sync="TRUE">Downloadable Data</resdesc><stdorder><digform><digtinfo><transize Sync="TRUE">0.837</transize><dssize Sync="TRUE">0.837</dssize></digtinfo></digform></stdorder><distrib><cntinfo><cntvoice>303.236.8001</cntvoice><cntvoice>303.275.5061</cntvoice><cntfax>303.236.9542</cntfax><cntfax>303.275.5075</cntfax><cntemail>ejohnson02@fs.fed.us</cntemail><cntemail>jross@fs.fed.us</cntemail><cntemail>fjcross@fs.fed.us</cntemail><cntemail>jharris@fs.fed.us</cntemail><cnttdd>800.659.2656</cnttdd><cntaddr><address>USDA Forest Service, Rocky Mountain Region</address><address>Erik Johnson (or Forest Health staff member)</address><address>740 Simms Street</address><addrtype>mailing and physical address</addrtype><city>Golden</city><state>Colorado</state><postal>80401</postal><country>USA</country></cntaddr><cntorgp><cntorg>USDA Forest Service, Rocky Mountain Region, Forest Health Management</cntorg><cntper>Erik Johnson</cntper></cntorgp><cntpos>Aerial Survey Program Manager</cntpos><hours>0900-1600 MST</hours><cntinst>email preferred</cntinst></cntinfo></distrib></distinfo><distInfo><distributor><distorTran><onLineSrc><orDesc Sync="TRUE">002</orDesc><linkage Sync="TRUE">file://\\LT5794\C$\a_data\aerial_survey\1994_albers\r294_dmg.shp</linkage><protocol Sync="TRUE">Local Area Network</protocol></onLineSrc><transSize Sync="TRUE">0.837</transSize></distorTran><distorFormat><formatName Sync="TRUE">Shapefile</formatName></distorFormat></distributor><distFormat><formatName Sync="TRUE">Shapefile</formatName></distFormat><distTranOps><transSize Sync="TRUE">0.837</transSize></distTranOps></distInfo><spdoinfo><direct Sync="TRUE">Vector</direct><ptvctinf><esriterm Name="r294_dmg"><efeatyp Sync="TRUE">Simple</efeatyp><efeageom Sync="TRUE">4</efeageom><esritopo Sync="TRUE">FALSE</esritopo><efeacnt Sync="TRUE">1419</efeacnt><spindex Sync="TRUE">TRUE</spindex><linrefer Sync="TRUE">FALSE</linrefer></esriterm></ptvctinf></spdoinfo><spatRepInfo><VectSpatRep><topLvl><TopoLevCd Sync="TRUE" value="001"></TopoLevCd></topLvl><geometObjs Name="r294_dmg"><geoObjTyp><GeoObjTypCd Sync="TRUE" value="002"></GeoObjTypCd><geoObjCnt Sync="TRUE">1419</geoObjCnt></geoObjTyp><geoObjCnt Sync="TRUE">1419</geoObjCnt></geometObjs></VectSpatRep></spatRepInfo><eainfo><detailed Name="r294_dmg"><enttyp><enttypl Sync="TRUE">r294_dmg</enttypl><enttypt Sync="TRUE">Feature Class</enttypt><enttypc Sync="TRUE">1419</enttypc><enttypd>USDA Forest Service Region 2 1994 forest damage polygons</enttypd><enttypds>Aerial Survey Geographic Information System Handboook (available online at: http://www.fs.fed.us/foresthealth/publications/id/gishandbook.pdf)</enttypds></enttyp><attr><attrlabl Sync="TRUE">FID</attrlabl><attalias Sync="TRUE">FID</attalias><attrtype Sync="TRUE">OID</attrtype><attwidth Sync="TRUE">4</attwidth><atprecis Sync="TRUE">0</atprecis><attscale Sync="TRUE">0</attscale><attrdef Sync="TRUE">Internal feature number.</attrdef><attrdefs Sync="TRUE">ESRI</attrdefs><attrdomv><udom Sync="TRUE">Sequential unique whole numbers that are automatically generated.</udom></attrdomv></attr><attr><attrlabl Sync="TRUE">ACRES</attrlabl><attalias Sync="TRUE">ACRES</attalias><attrtype Sync="TRUE">Double</attrtype><attwidth Sync="TRUE">13</attwidth><attrdef>Acres (calculated using XTOOLS)</attrdef><atprecis Sync="TRUE">12</atprecis><attscale Sync="TRUE">1</attscale></attr><attr><attrlabl Sync="TRUE">STATUS</attrlabl><attalias Sync="TRUE">STATUS</attalias><attrtype Sync="TRUE">String</attrtype><attwidth Sync="TRUE">30</attwidth><atprecis Sync="TRUE">0</atprecis><attscale Sync="TRUE">0</attscale></attr><attr><attrlabl Sync="TRUE">AREA</attrlabl><attalias Sync="TRUE">AREA</attalias><attrtype Sync="TRUE">Double</attrtype><attwidth Sync="TRUE">15</attwidth><atprecis Sync="TRUE">14</atprecis><attscale Sync="TRUE">3</attscale></attr><attr><attrlabl Sync="TRUE">MODIFIER</attrlabl><attalias Sync="TRUE">MODIFIER</attalias><attrtype Sync="TRUE">String</attrtype><attwidth Sync="TRUE">25</attwidth><atprecis Sync="TRUE">0</atprecis><attscale Sync="TRUE">0</attscale></attr><attr><attrlabl Sync="TRUE">PERIMETER</attrlabl><attalias Sync="TRUE">PERIMETER</attalias><attrtype Sync="TRUE">Double</attrtype><attwidth Sync="TRUE">15</attwidth><atprecis Sync="TRUE">14</atprecis><attscale Sync="TRUE">3</attscale></attr><attr><attrlabl Sync="TRUE">Shape</attrlabl><attalias Sync="TRUE">Shape</attalias><attrtype Sync="TRUE">Geometry</attrtype><attwidth Sync="TRUE">0</attwidth><attrdef Sync="TRUE">Feature geometry.</attrdef><attrdefs Sync="TRUE">ESRI</attrdefs><attrdomv><udom Sync="TRUE">Coordinates defining the features.</udom></attrdomv><atprecis Sync="TRUE">0</atprecis><attscale Sync="TRUE">0</attscale></attr><attr><attrlabl Sync="TRUE">SURVEY_ID1</attrlabl><attalias Sync="TRUE">SURVEY_ID1</attalias><attrtype Sync="TRUE">SmallInteger</attrtype><attwidth Sync="TRUE">2</attwidth><attrdef>Year surveyed (0=2000, 99=1999, etc.)</attrdef><attrdefs>Aerial Survey Geographic Information System Handbook</attrdefs><atprecis Sync="TRUE">2</atprecis><attscale Sync="TRUE">0</attscale></attr><attr><attrlabl Sync="TRUE">SURVEY_ID2</attrlabl><attalias Sync="TRUE">SURVEY_ID2</attalias><attrtype Sync="TRUE">SmallInteger</attrtype><attwidth Sync="TRUE">2</attwidth><attrdefs>Aerial Survey Geographic Information System Handbook</attrdefs><attrdef>Year surveyed (used only for polygons with more than one attribute)</attrdef><atprecis Sync="TRUE">2</atprecis><attscale Sync="TRUE">0</attscale></attr><attr><attrlabl Sync="TRUE">SURVEY_ID3</attrlabl><attalias Sync="TRUE">SURVEY_ID3</attalias><attrtype Sync="TRUE">SmallInteger</attrtype><attwidth Sync="TRUE">2</attwidth><attrdefs>Aerial Survey Geographic Information System Handbook</attrdefs><attrdef>Year surveyed (used only for polygons with three attributes).</attrdef><atprecis Sync="TRUE">2</atprecis><attscale Sync="TRUE">0</attscale></attr><attr><attrlabl Sync="TRUE">DMG_TYPE1</attrlabl><attalias Sync="TRUE">DMG_TYPE1</attalias><attrtype Sync="TRUE">SmallInteger</attrtype><attwidth Sync="TRUE">2</attwidth><attrdef>Damage type (see Aerial Survey Geographic Information System Handbook, Appendix A)</attrdef><attrdefs>Aerial Survey Geographic Information System Handbook, Appendix A</attrdefs><atprecis Sync="TRUE">2</atprecis><attscale Sync="TRUE">0</attscale></attr><attr><attrlabl Sync="TRUE">DMG_TYPE2</attrlabl><attalias Sync="TRUE">DMG_TYPE2</attalias><attrtype Sync="TRUE">SmallInteger</attrtype><attwidth Sync="TRUE">2</attwidth><attrdefs>Aerial Survey Geographic Information System Handbook, Appendix A</attrdefs><attrdef>Damage type (used only for polygons with more than one attribute) </attrdef><atprecis Sync="TRUE">2</atprecis><attscale Sync="TRUE">0</attscale></attr><attr><attrlabl Sync="TRUE">DMG_TYPE3</attrlabl><attalias Sync="TRUE">DMG_TYPE3</attalias><attrtype Sync="TRUE">SmallInteger</attrtype><attwidth Sync="TRUE">2</attwidth><attrdefs>Aerial Survey Geographic Information System Handbook, Appendix A</attrdefs><attrdef>Damage type (used only for polygons with three attributes)</attrdef><atprecis Sync="TRUE">2</atprecis><attscale Sync="TRUE">0</attscale></attr><attr><attrlabl Sync="TRUE">SEVERITY1</attrlabl><attalias Sync="TRUE">SEVERITY1</attalias><attrtype Sync="TRUE">SmallInteger</attrtype><attwidth Sync="TRUE">2</attwidth><attrdef>Severity of damage (see Aerial Survey Geographic Information System Handbook, Appendix A)</attrdef><attrdefs>Aerial Survey Geographic Information System Handbook, Appendix A</attrdefs><atprecis Sync="TRUE">2</atprecis><attscale Sync="TRUE">0</attscale></attr><attr><attrlabl Sync="TRUE">SEVERITY2</attrlabl><attalias Sync="TRUE">SEVERITY2</attalias><attrtype Sync="TRUE">SmallInteger</attrtype><attwidth Sync="TRUE">2</attwidth><attrdefs>Aerial Survey Geographic Information System Handbook, Appendix A</attrdefs><attrdef>Severity of damage (used only for polygons with more than one attribute)</attrdef><atprecis Sync="TRUE">2</atprecis><attscale Sync="TRUE">0</attscale></attr><attr><attrlabl Sync="TRUE">SEVERITY3</attrlabl><attalias Sync="TRUE">SEVERITY3</attalias><attrtype Sync="TRUE">SmallInteger</attrtype><attwidth Sync="TRUE">2</attwidth><attrdefs>Aerial Survey Geographic Information System Handbook, Appendix A</attrdefs><attrdef>Severity of damage (used only for polygons with three attributes)</attrdef><atprecis Sync="TRUE">2</atprecis><attscale Sync="TRUE">0</attscale></attr><attr><attrlabl Sync="TRUE">PATTERN1</attrlabl><attalias Sync="TRUE">PATTERN1</attalias><attrtype Sync="TRUE">SmallInteger</attrtype><attwidth Sync="TRUE">2</attwidth><attrdef>Pattern (currently not used by USFS Region 2)</attrdef><attrdefs>Aerial Survey Geographic Information System Handbook, Appendix A</attrdefs><atprecis Sync="TRUE">2</atprecis><attscale Sync="TRUE">0</attscale></attr><attr><attrlabl Sync="TRUE">PATTERN2</attrlabl><attalias Sync="TRUE">PATTERN2</attalias><attrtype Sync="TRUE">SmallInteger</attrtype><attwidth Sync="TRUE">2</attwidth><attrdefs>Aerial Survey Geographic Information System Handbook, Appendix A</attrdefs><attrdef>Pattern (currently not used by USFS Region 2)</attrdef><atprecis Sync="TRUE">2</atprecis><attscale Sync="TRUE">0</attscale></attr><attr><attrlabl Sync="TRUE">PATTERN3</attrlabl><attalias Sync="TRUE">PATTERN3</attalias><attrtype Sync="TRUE">SmallInteger</attrtype><attwidth Sync="TRUE">2</attwidth><attrdefs>Aerial Survey Geographic Information System Handbook, Appendix A</attrdefs><attrdef>Pattern (currently not used by USFS Region 2)</attrdef><atprecis Sync="TRUE">2</atprecis><attscale Sync="TRUE">0</attscale></attr><attr><attrlabl Sync="TRUE">TPA1</attrlabl><attalias Sync="TRUE">TPA1</attalias><attrtype Sync="TRUE">Double</attrtype><attwidth Sync="TRUE">9</attwidth><attrdef>Number of trees per acre (see Aerial Survey Geographic Information System Handbook, Appendix A)</attrdef><attrdefs>Aerial Survey Geographic Information System Handbook, Appendix A</attrdefs><atprecis Sync="TRUE">8</atprecis><attscale Sync="TRUE">2</attscale></attr><attr><attrlabl Sync="TRUE">TPA2</attrlabl><attalias Sync="TRUE">TPA2</attalias><attrtype Sync="TRUE">Double</attrtype><attwidth Sync="TRUE">9</attwidth><attrdefs>Aerial Survey Geographic Information System Handbook, Appendix A</attrdefs><attrdef>Number of trees per acre (used only for polygons with more than one attribute)</attrdef><atprecis Sync="TRUE">8</atprecis><attscale Sync="TRUE">2</attscale></attr><attr><attrlabl Sync="TRUE">TPA3</attrlabl><attalias Sync="TRUE">TPA3</attalias><attrtype Sync="TRUE">Double</attrtype><attwidth Sync="TRUE">9</attwidth><attrdefs>Aerial Survey Geographic Information System Handbook, Appendix A</attrdefs><attrdef>Number of trees per acre (used only for polygons with three attributes)</attrdef><atprecis Sync="TRUE">8</atprecis><attscale Sync="TRUE">2</attscale></attr><attr><attrlabl Sync="TRUE">NO_TREES1</attrlabl><attalias Sync="TRUE">NO_TREES1</attalias><attrtype Sync="TRUE">Integer</attrtype><attwidth Sync="TRUE">7</attwidth><attrdef>Number of trees affected/ killed (see Aerial Survey Geographic Information System Handbook, Appendix A)</attrdef><attrdefs>Aerial Survey Geographic Information System Handbook, Appendix A</attrdefs><atprecis Sync="TRUE">7</atprecis><attscale Sync="TRUE">0</attscale></attr><attr><attrlabl Sync="TRUE">NO_TREES2</attrlabl><attalias Sync="TRUE">NO_TREES2</attalias><attrtype Sync="TRUE">Integer</attrtype><attwidth Sync="TRUE">7</attwidth><attrdefs>Aerial Survey Geographic Information System Handbook, Appendix A</attrdefs><attrdef>Number of trees affected/ killed (used only for polygons with more than one attribute)</attrdef><atprecis Sync="TRUE">7</atprecis><attscale Sync="TRUE">0</attscale></attr><attr><attrlabl Sync="TRUE">NO_TREES3</attrlabl><attalias Sync="TRUE">NO_TREES3</attalias><attrtype Sync="TRUE">Integer</attrtype><attwidth Sync="TRUE">7</attwidth><attrdefs>Aerial Survey Geographic Information System Handbook, Appendix A</attrdefs><attrdef>Number of trees affected/ killed (used only for polygons with three attributes)</attrdef><atprecis Sync="TRUE">7</atprecis><attscale Sync="TRUE">0</attscale></attr><attr><attrlabl Sync="TRUE">DCA1</attrlabl><attalias Sync="TRUE">DCA1</attalias><attrtype Sync="TRUE">Integer</attrtype><attwidth Sync="TRUE">5</attwidth><attrdef>Damage-causing agent code.  This is the most reliable field for queries pertaining to damage-causing agents and it is recommended over the R2 pest code or web code fields (see Aerial Survey Geographic Information System Handbook, Appendix A and Appendix E)</attrdef><attrdefs>Aerial Survey Geographic Information System Handbook, Appendix A and Appendix E</attrdefs><atprecis Sync="TRUE">5</atprecis><attscale Sync="TRUE">0</attscale></attr><attr><attrlabl Sync="TRUE">DCA2</attrlabl><attalias Sync="TRUE">DCA2</attalias><attrtype Sync="TRUE">Integer</attrtype><attwidth Sync="TRUE">5</attwidth><attrdefs>Aerial Survey Geographic Information System Handbook, Appendix A and Appendix E</attrdefs><attrdef>Damage-causing agent code (used only for polygons with more than one attribute)</attrdef><atprecis Sync="TRUE">5</atprecis><attscale Sync="TRUE">0</attscale></attr><attr><attrlabl Sync="TRUE">DCA3</attrlabl><attalias Sync="TRUE">DCA3</attalias><attrtype Sync="TRUE">Integer</attrtype><attwidth Sync="TRUE">5</attwidth><attrdefs>Aerial Survey Geographic Information System Handbook, Appendix A and Appendix E</attrdefs><attrdef>Damage-causing agent code (used only for polygons with three attributes)</attrdef><atprecis Sync="TRUE">5</atprecis><attscale Sync="TRUE">0</attscale></attr><attr><attrlabl Sync="TRUE">HOST1</attrlabl><attalias Sync="TRUE">HOST1</attalias><attrtype Sync="TRUE">SmallInteger</attrtype><attwidth Sync="TRUE">4</attwidth><attrdef>Host tree species code  (see Aerial Survey Geographic Information System Handbook, Appendix A and Appendix F)</attrdef><attrdefs>Aerial Survey Geographic Information System Handbook, Appendix A and Appendix F</attrdefs><atprecis Sync="TRUE">4</atprecis><attscale Sync="TRUE">0</attscale></attr><attr><attrlabl Sync="TRUE">HOST2</attrlabl><attalias Sync="TRUE">HOST2</attalias><attrtype Sync="TRUE">SmallInteger</attrtype><attwidth Sync="TRUE">4</attwidth><attrdefs>Aerial Survey Geographic Information System Handbook, Appendix A and Appendix F</attrdefs><attrdef>Host tree species code (used only for polygons with more than one attribute)</attrdef><atprecis Sync="TRUE">4</atprecis><attscale Sync="TRUE">0</attscale></attr><attr><attrlabl Sync="TRUE">HOST3</attrlabl><attalias Sync="TRUE">HOST3</attalias><attrtype Sync="TRUE">SmallInteger</attrtype><attwidth Sync="TRUE">4</attwidth><attrdefs>Aerial Survey Geographic Information System Handbook, Appendix A and Appendix F</attrdefs><attrdef>Host tree species code (used only for polygons with three attributes)</attrdef><atprecis Sync="TRUE">4</atprecis><attscale Sync="TRUE">0</attscale></attr><attr><attrlabl Sync="TRUE">FOR_TYPE1</attrlabl><attalias Sync="TRUE">FOR_TYPE1</attalias><attrtype Sync="TRUE">SmallInteger</attrtype><attwidth Sync="TRUE">4</attwidth><attrdef>Forest type code  (see Aerial Survey Geographic Information System Handbook, Appendix A and Appendix G)</attrdef><attrdefs>Aerial Survey Geographic Information System Handbook, Appendix A and Appendix G</attrdefs><atprecis Sync="TRUE">4</atprecis><attscale Sync="TRUE">0</attscale></attr><attr><attrlabl Sync="TRUE">FOR_TYPE2</attrlabl><attalias Sync="TRUE">FOR_TYPE2</attalias><attrtype Sync="TRUE">SmallInteger</attrtype><attwidth Sync="TRUE">4</attwidth><attrdefs>Aerial Survey Geographic Information System Handbook, Appendix A and Appendix G</attrdefs><attrdef>Forest type code (used only for polygons with more than one attribute)</attrdef><atprecis Sync="TRUE">4</atprecis><attscale Sync="TRUE">0</attscale></attr><attr><attrlabl Sync="TRUE">FOR_TYPE3</attrlabl><attalias Sync="TRUE">FOR_TYPE3</attalias><attrtype Sync="TRUE">SmallInteger</attrtype><attwidth Sync="TRUE">4</attwidth><attrdefs>Aerial Survey Geographic Information System Handbook, Appendix A and Appendix G</attrdefs><attrdef>Forest type code (used only for polygons with three attributes)</attrdef><atprecis Sync="TRUE">4</atprecis><attscale Sync="TRUE">0</attscale></attr><attr><attrlabl Sync="TRUE">NOTES</attrlabl><attalias Sync="TRUE">NOTES</attalias><attrtype Sync="TRUE">String</attrtype><attwidth Sync="TRUE">60</attwidth><attrdef>Notes and comments</attrdef><attrdefs>Aerial Survey Geographic Information System Handbook</attrdefs><atprecis Sync="TRUE">0</atprecis><attscale Sync="TRUE">0</attscale></attr><attr><attrlabl Sync="TRUE">DAMAGE94_</attrlabl><attalias Sync="TRUE">DAMAGE94_</attalias><attrtype Sync="TRUE">Double</attrtype><attwidth Sync="TRUE">11</attwidth><atprecis Sync="TRUE">11</atprecis><attscale Sync="TRUE">0</attscale></attr><attr><attrlabl Sync="TRUE">DAMAGE94_I</attrlabl><attalias Sync="TRUE">DAMAGE94_I</attalias><attrtype Sync="TRUE">Double</attrtype><attwidth Sync="TRUE">11</attwidth><atprecis Sync="TRUE">11</atprecis><attscale Sync="TRUE">0</attscale></attr><attr><attrlabl Sync="TRUE">PEST</attrlabl><attalias Sync="TRUE">PEST</attalias><attrtype Sync="TRUE">String</attrtype><attwidth Sync="TRUE">4</attwidth><atprecis Sync="TRUE">0</atprecis><attscale Sync="TRUE">0</attscale></attr></detailed><overview><dsoverv>A companion handbook entitled "Aerial Survey Geographic Information System Handbook" should be obtained before using this data set.  The handbook is available online at: http://www.fs.fed.us/foresthealth/publications/id/gishandbook.pdf.  This handbook also serves as a data dictionary necessary for deciphering numeric field codes.</dsoverv><eaover>While the companion handbook entitled "Aerial Survey Geographic Information System Handbook" (available at http://www.fs.fed.us/foresthealth/publications/id/gishandbook.pdf) should be obtained before using the dataset in order to decipher numeric field codes, some of the more common Region 2 DCA (damage causal agent) and host codes are listed as follows:

DCA	NAME
11002	western pine beetle
11006	mountain pine beetle
11007	Douglas-fir beetle
11009	spruce beetle
11029	pine engraver
11030	Ips engraver beetles
11049	Douglas-fir engraver
11050	fir engraver
12040	western spruce budworm
12123	Douglas-fir tussock moth
12180	tent caterpillar
24022	Dutch elm disease
30000	Fire
50006	hail
50001	wind/tornado
70001	herbicides
70014	road salt
80001	aspen decline
80002	subalpine fir mortality
80003	five-needle pine mortality
80004	pinyon pine mortality

Hosts
1 = hardwoods
2 = softwoods
3 = hardwoods/softwoods
15 = white fir
19 = subalpine fir
68 = eastern redcedar
93 = Englemann spruce
101 = whitebark pine
105 = jack pine
106 = common pinyon
108 = lodgepole pine
113 = limber pine
122 = ponderosa pine
202 = Douglas-fir
313 = boxelder
462 = hackberry
740 = cottonwood, poplar
746 = quaking aspen
749 = narrowleaf cottonwood
814 = Gambel oak
823 = bur oak
970 = elm
</eaover><eadetcit>Aerial Survey Geographic Information System Handbook (http://www.fs.fed.us/foresthealth/publications/id/gishandbook.pdf)</eadetcit><eadetcit>Coding Key for Forest Insect Disease Damage on Aerial Survey Maps
USDA Forest Service Region 2 Aerial Survey Program
(contact Erik Johnson ejohnson02@fs.fed.us or Jennifer Ross jross@fs.fed.us for this document)</eadetcit></overview></eainfo><mdDateSt Sync="TRUE">20120219</mdDateSt><spref><horizsys><cordsysn><geogcsn Sync="TRUE">GCS_North_American_1927</geogcsn><projcsn Sync="TRUE">NAD_1927_UTM_Zone_13N</projcsn></cordsysn><planar><planci><plance Sync="TRUE">coordinate pair</plance><plandu Sync="TRUE">meters</plandu><coordrep><absres Sync="TRUE">0.000512</absres><ordres Sync="TRUE">0.000512</ordres></coordrep></planci></planar><geodetic><horizdn Sync="TRUE">North American Datum of 1927</horizdn><ellips Sync="TRUE">Clarke 1866</ellips><semiaxis Sync="TRUE">6378206.400000</semiaxis><denflat Sync="TRUE">294.978698</denflat></geodetic></horizsys></spref><refSysInfo><RefSystem><refSysID><identCode Sync="TRUE" code="26913">NAD_1927_UTM_Zone_13N</identCode><idCodeSpace Sync="TRUE">EPSG</idCodeSpace><idVersion Sync="TRUE">7.4.1</idVersion></refSysID></RefSystem></refSysInfo><dataqual><lineage><procstep><procdesc Sync="TRUE">Metadata imported.</procdesc><srcused>C:\a_data\aerial_survey\1994\r294_dmg.shp.xml</srcused><date Sync="TRUE">20050203</date><time Sync="TRUE">08355400</time></procstep><procstep><procdesc Sync="TRUE">Metadata imported.</procdesc><srcused>C:\a_data\aerial_survey\1994\r294_dmg.shp.xml</srcused><date Sync="TRUE">20050203</date><time Sync="TRUE">13424200</time></procstep></lineage></dataqual></metadata>
