<?xml-stylesheet href='C:\Program Files (x86)\USDA Forest Service\Metavist.Preview1\XML\NBII_classic.xsl' type='text/xsl'?>
<metadata>
  <idinfo>
    <citation>
      <citeinfo>
        <origin>Negron, Jose F.</origin>
        <pubdate>2020</pubdate>
        <title>Within-stand spatial distribution of ponderosa pine mortality caused by the mountain pine beetle in the Colorado Front Range</title>
        <geoform>tabular digital data</geoform>
        <pubinfo>
          <pubplace>Fort Collins, CO</pubplace>
          <publish>Forest Service Research Data Archive</publish>
        </pubinfo>
        <onlink>https://doi.org/10.2737/RDS-2020-0006</onlink>
      </citeinfo>
    </citation>
    <descript>
      <abstract>This data publication includes data collected in support of a study to examine the small scale, within stand, spatially-referenced ponderosa pine (Pinus ponderosa) tree mortality caused by the mountain pine beetle (Dendroctonus ponderosae) in a Colorado Front Range site. Data were collected in the summer of 1997 in an unmanaged low-elevation 3.1-hectare ponderosa pine stand in the Canyon Lakes Ranger District of the Arapaho-Roosevelt National Forest. Spatially referenced basal area points were measured with a 20 basal area factor (BAF) prism in a 10 meter (m) x 10 m grid. For all “in” trees we recorded tree species, diameter at breast height (1.4 m above the ground), and whether the tree was alive of killed by mountain pine beetle. No trees had died to other causes within the study area.</abstract>
      <purpose>Mountain pine beetle is a major natural disturbance agent that can cause extensive tree mortality of ponderosa pine in the Colorado Front Range and across western conifer forests in the United States. There is published information on the conditions that increase forest stand susceptibility to ponderosa pine, namely, dense stands with high host availability in the form of large-diameter trees. However, there is a paucity of data addressing the small scale, whiting stand variability in forest conditions that result in in the spatial distribution of tree mortality. This information can be useful for land managers when implementing forest restoration projects that aim to create similar pre-Euro-American settlement historical conditions. Restoration efforts aim primarily at reducing tree densities, increasing tree spacing and creating isolated clumps or large-diameter trees. These conditions could be suitable for the development of mountain pine beetle infestations when populations increase.</purpose>
    </descript>
    <timeperd>
      <timeinfo>
        <sngdate>
          <caldate>1997</caldate>
        </sngdate>
      </timeinfo>
      <current>Ground condition</current>
    </timeperd>
    <status>
      <progress>Complete</progress>
      <update>As Needed</update>
    </status>
    <spdom>
      <bounding>
        <eastbc>-105.60020</eastbc>
        <westbc>-105.60020</westbc>
        <northbc>40.73587</northbc>
        <southbc>40.73587</southbc>
      </bounding>
      <descgeog>This study was conducted in the Canyon Lakes Ranger District of the Arapaho-Roosevelt National Forest in Colorado. As the area was relatively small we provide only the coordinates for the centroid of the study site.</descgeog>
    </spdom>
    <keywords>
      <theme>
        <themekt>ISO 19115 Topic Category</themekt>
        <themekey>biota</themekey>
      </theme>
      <theme>
        <themekt>National Research &amp; Development Taxonomy</themekt>
        <themekey>Forest &amp; Plant Health</themekey>
        <themekey>Insects</themekey>
      </theme>
      <theme>
        <themekt>None</themekt>
        <themekey>Dendroctonus ponderosae</themekey>
        <themekey>Pinus ponderosa</themekey>
        <themekey>bark beetles</themekey>
        <themekey>silviculture</themekey>
      </theme>
      <place>
        <placekt>None</placekt>
        <placekey>Colorado</placekey>
        <placekey>Canton Lakes Ranger District</placekey>
        <placekey>Arapaho-Roosevelt National Forest</placekey>
      </place>
    </keywords>
    <taxonomy>
      <taxonsys>
        <classsys>
          <classcit>
            <citeinfo>
              <origin>ITIS</origin>
              <pubdate>2020</pubdate>
              <title>Integrated Taxonomic Information System</title>
              <geoform>database</geoform>
              <othercit>Retrieved [January, 24, 2020] </othercit>
              <onlink>https://www.itis.gov</onlink>
            </citeinfo>
          </classcit>
        </classsys>
      </taxonsys>
      <taxoncl>
        <taxonrn>Empire</taxonrn>
        <taxonrv>Biovitae</taxonrv>
        <common>Carbon-based lifeforms</common>
        <taxoncl>
          <taxonrn>Kingdom</taxonrn>
          <taxonrv>Plantae</taxonrv>
          <taxoncl>
            <taxonrn>SubKingdom</taxonrn>
            <taxonrv>Viridiplantae</taxonrv>
            <taxoncl>
              <taxonrn>Infrakingdom</taxonrn>
              <taxonrv>Streptophyta</taxonrv>
              <taxoncl>
                <taxonrn>Superdivision</taxonrn>
                <taxonrv>Embryophyta</taxonrv>
                <taxoncl>
                  <taxonrn>Division</taxonrn>
                  <taxonrv>Tracheophyta</taxonrv>
                  <taxoncl>
                    <taxonrn>Subdivision</taxonrn>
                    <taxonrv>Spermatophytina</taxonrv>
                    <taxoncl>
                      <taxonrn>Class</taxonrn>
                      <taxonrv>Pinopsida</taxonrv>
                      <taxoncl>
                        <taxonrn>Subclass</taxonrn>
                        <taxonrv>Pinidae</taxonrv>
                        <taxoncl>
                          <taxonrn>Order</taxonrn>
                          <taxonrv>Pinales</taxonrv>
                          <taxoncl>
                            <taxonrn>Family</taxonrn>
                            <taxonrv>Pinaceae</taxonrv>
                            <taxoncl>
                              <taxonrn>Genus</taxonrn>
                              <taxonrv>Pinus</taxonrv>
                              <taxoncl>
                                <taxonrn>Species</taxonrn>
                                <taxonrv>Pinus ponderosa</taxonrv>
                                <common>ponderosa pine</common>
                              </taxoncl>
                              <taxonrn>Species</taxonrn>
                              <taxonrv>Pinus contorta</taxonrv>
                              <common>lodgepole pine</common>
                            </taxoncl>
                          </taxoncl>
                          <taxonrn>Species</taxonrn>
                          <taxonrv>Pinus flexilis</taxonrv>
                          <common>limber pine</common>
                        </taxoncl>
                      </taxoncl>
                      <taxoncl>
                        <taxonrn>Genus</taxonrn>
                        <taxonrv>Picea</taxonrv>
                        <taxoncl>
                          <taxonrn>Species</taxonrn>
                          <taxonrv>Picea pungens</taxonrv>
                          <common>blue spruce</common>
                        </taxoncl>
                      </taxoncl>
                      <taxoncl>
                        <taxonrn>Genus</taxonrn>
                        <taxonrv>Pseudotsuga</taxonrv>
                        <taxoncl>
                          <taxonrn>Species</taxonrn>
                          <taxonrv>Pseudotsuga menziesii</taxonrv>
                          <common>Douglas-fir</common>
                        </taxoncl>
                      </taxoncl>
                    </taxoncl>
                    <taxoncl>
                      <taxonrn>Family</taxonrn>
                      <taxonrv>Cupressaceae</taxonrv>
                      <taxoncl>
                        <taxonrn>Genus</taxonrn>
                        <taxonrv>Juniperus</taxonrv>
                        <taxoncl>
                          <taxonrn>Species</taxonrn>
                          <taxonrv>Juniperus scopulorum</taxonrv>
                          <common>juniper</common>
                        </taxoncl>
                      </taxoncl>
                    </taxoncl>
                  </taxoncl>
                </taxoncl>
              </taxoncl>
              <taxoncl>
                <taxonrn>Class</taxonrn>
                <taxonrv>Magnoliopsida</taxonrv>
                <taxoncl>
                  <taxonrn>Superorder</taxonrn>
                  <taxonrv>Rosanae</taxonrv>
                  <taxoncl>
                    <taxonrn>Order</taxonrn>
                    <taxonrv>Fagales</taxonrv>
                    <taxoncl>
                      <taxonrn>Family</taxonrn>
                      <taxonrv>Fagaceae</taxonrv>
                      <taxoncl>
                        <taxonrn>Genus</taxonrn>
                        <taxonrv>Quercus</taxonrv>
                        <taxoncl>
                          <taxonrn>Species</taxonrn>
                          <taxonrv>Quercus gambelii</taxonrv>
                          <common>Gambel's oak</common>
                        </taxoncl>
                      </taxoncl>
                    </taxoncl>
                  </taxoncl>
                </taxoncl>
              </taxoncl>
            </taxoncl>
          </taxoncl>
        </taxoncl>
        <taxoncl>
          <taxonrn>Kingdom</taxonrn>
          <taxonrv>Animalia</taxonrv>
          <taxoncl>
            <taxonrn>SubKingdom</taxonrn>
            <taxonrv>Bilateria</taxonrv>
            <taxoncl>
              <taxonrn>Infrakingdom</taxonrn>
              <taxonrv>Protostomia</taxonrv>
              <taxoncl>
                <taxonrn>Superphylum</taxonrn>
                <taxonrv>Ecdysozoa</taxonrv>
                <taxoncl>
                  <taxonrn>Phylum</taxonrn>
                  <taxonrv>Arthropoda</taxonrv>
                  <taxoncl>
                    <taxonrn>Subphylum</taxonrn>
                    <taxonrv>Hexapoda</taxonrv>
                    <taxoncl>
                      <taxonrn>Class</taxonrn>
                      <taxonrv>Insecta</taxonrv>
                      <taxoncl>
                        <taxonrn>Subclass</taxonrn>
                        <taxonrv>Pterygota</taxonrv>
                        <taxoncl>
                          <taxonrn>Infraclass</taxonrn>
                          <taxonrv>Neoptera</taxonrv>
                          <taxoncl>
                            <taxonrn>Superorder</taxonrn>
                            <taxonrv>Holometabola</taxonrv>
                            <taxoncl>
                              <taxonrn>Order</taxonrn>
                              <taxonrv>Coleoptera</taxonrv>
                              <taxoncl>
                                <taxonrn>Suborder</taxonrn>
                                <taxonrv>Polyphaga</taxonrv>
                                <taxoncl>
                                  <taxonrn>Infraorder</taxonrn>
                                  <taxonrv>Cucujiformia</taxonrv>
                                  <taxoncl>
                                    <taxonrn>Superfamily</taxonrn>
                                    <taxonrv>Curculionoidea</taxonrv>
                                    <taxoncl>
                                      <taxonrn>Family</taxonrn>
                                      <taxonrv>Curculionidae</taxonrv>
                                      <taxoncl>
                                        <taxonrn>SubFamily</taxonrn>
                                        <taxonrv>Scolytinae</taxonrv>
                                        <taxoncl>
                                          <taxonrn>Genus</taxonrn>
                                          <taxonrv>Dendroctonus</taxonrv>
                                          <taxoncl>
                                            <taxonrn>Species</taxonrn>
                                            <taxonrv>Dendroctonus ponderosae</taxonrv>
                                            <common>mountain pine beetle</common>
                                          </taxoncl>
                                        </taxoncl>
                                      </taxoncl>
                                    </taxoncl>
                                  </taxoncl>
                                </taxoncl>
                              </taxoncl>
                            </taxoncl>
                          </taxoncl>
                        </taxoncl>
                      </taxoncl>
                    </taxoncl>
                  </taxoncl>
                </taxoncl>
              </taxoncl>
            </taxoncl>
          </taxoncl>
        </taxoncl>
      </taxoncl>
    </taxonomy>
    <accconst>None</accconst>
    <useconst>These data were collected using funding from the U.S. Government and can be used without additional permissions or fees. If you use these data in a publication, presentation, or other research product please use the following citation: 

Negron, Jose F. 2020. Within-stand spatial distribution of ponderosa pine mortality caused by the mountain pine beetle in the Colorado Front Range, USA. Fort Collins, CO: Forest Service Research Data Archive. https://doi.org/10.2737/RDS-2020-0006</useconst>
    <ptcontac>
      <cntinfo>
        <cntorgp>
          <cntorg>USDA Forest Service, Rocky Mountain Research Station</cntorg>
          <cntper>Jose F. Negron</cntper>
        </cntorgp>
        <cntpos>Research Entomologist</cntpos>
        <cntaddr>
          <addrtype>mailing and physical</addrtype>
          <address>240 West Prospect Road</address>
          <city>Fort Collins</city>
          <state>CO</state>
          <postal>80526</postal>
          <country>USA</country>
        </cntaddr>
        <cntvoice>970-498-1252</cntvoice>
        <cntemail>jose.negron@usda.gov</cntemail>
      </cntinfo>
    </ptcontac>
    <datacred>This project was funded by the USDA Forest Service, Rocky Mountain Research Station.</datacred>
    <crossref>
      <citeinfo>
        <origin>Negron, Jose F.</origin>
        <pubdate>2020</pubdate>
        <title>Within-stand distribution of tree mortality caused by the mountain pine beetle, Dendroctonus ponderosae Hopkins</title>
        <geoform>journal article</geoform>
        <serinfo>
          <sername>Insects</sername>
          <issue>11(2): 112</issue>
        </serinfo>
        <onlink>https://doi.org/10.3390/insects11020112</onlink>
      </citeinfo>
    </crossref>
  </idinfo>
  <dataqual>
    <attracc>
      <attraccr>Target tree species was ponderosa pine which is easily identifiable and comprised 99% of the trees sampled. Sample trees were those “in” trees as determined by a 20 basal area factor prism. Diameter at breast height was measured with a tree diameter tape at 1.4 meters (m) above the ground. These are standard forestry mensuration techniques that yield reliable measurements when properly used. Mountain pine beetle-killed trees are easily identifiable by signs of attack such as pitch tubes, boring dust in bark crevices and on the ground, and insect constructed galleries under the bark. These standard techniques and identification methods render data collection very reliable. The most common source of error is for the data recorder person to not hear the information correctly but this is mitigated by voicing the information back to the sampler. There is always the possibility if incorrect recording of information on the data sheets.

Prior to data processing, data were checked for accuracy by both the scientist and support staff.
</attraccr>
    </attracc>
    <logic>not applicable</logic>
    <complete>We established sampling points in a 10 m x 10 m grid over the study area. All grid points were sampled.</complete>
    <lineage>
      <method>
        <methdesc>STUDY DESIGN
A 10 m x 10 m grid was superimposed over a 3.1-hectare (ha) area and at each grid point, a variable radius plot was established using a basal area factor prism that approximates 4.6 metric BAF (a basal area factor of 20 in U.S. customary units was used during data collection) to determine basal area at each point. For all plot trees, we recorded species, diameter at breast height (dbh), and tree condition as alive or MPB-killed; no trees appeared to have died due to other causes. Beetle-killed trees were confirmed by the presence of egg galleries under the bark. As plots were closely spaced, some trees could occur in adjacent plots but this common when collecting spatially-referenced data at small scales. Data were collected after the collapse of elevated mountain pine beetle populations of limited extent, which occurred in the early to mid-1990s. The study was conducted in a stand typical of low-elevation ponderosa pine in the Colorado Front Range and with a plant association commonly found in the Canyon Lakes Ranger District (Pinus ponderosa-Pseudotsuga menziesii/Muhlenbergia montana). 

DATA MEASUREMENTS
At each intersection point of the 10m x 10m grid, a basal area point was established with 20 Basal Area Factor prism (U.S. customary units). For all “in” trees in each plot the following data were recorded: tree species, dbh, and condition (live, mountain-pine beetle-killed, other dead). However, no other dead trees were observed.

See Negron (2020) for more details.</methdesc>
        <methcite>
          <citeinfo>
            <origin>Negron, Jose F.</origin>
            <pubdate>2020</pubdate>
            <title>Within-stand distribution of tree mortality caused by the mountain pine beetle, Dendroctonus ponderosae Hopkins</title>
            <geoform>journal article</geoform>
            <serinfo>
              <sername>Insects</sername>
              <issue>11(2): 112</issue>
            </serinfo>
            <onlink>https://doi.org/10.3390/insects11020112</onlink>
          </citeinfo>
        </methcite>
        <methtype>Field</methtype>
      </method>
      <procstep>
        <procdesc>No process steps have been described for this data set</procdesc>
        <procdate>Unknown</procdate>
      </procstep>
    </lineage>
  </dataqual>
  <eainfo>
    <overview>
      <eaover>Below you will find a complete description of the files available in this data publication.

\Data\mpb_spatial_data.csv: Comma-delimited ASCII text file containing spatially-referenced ponderosa pine tree data from an unmanaged ponderosa pine stand exposed to an elevated mountain pine beetle population.

Variables include:

x_m = easting grid point location (meters)

x_y = northing grid point location (meters)

spp = tree species, where PP = ponderosa pine (Pinus ponderosae); BS = blue spruce (Picea pungens); JU = Rocky Mountain juniper (Juniperus scopulorum); DF = Douglas-fir (Pseudotsuga menziesii); LP = lodgepole pine (Pinus contorta); PF = limber pine (Pinus flexilis); QA = Gambel oak (Quercus gambelii); and X = no trees in point.

spp_code = code representing species, where 1 = BS; 2 = DF; 3 = JU; 4 = LP; 5 = PF; 6 = PP; 7 = QA; and 8 = X (species acronyms defined above in spp description)

Status_mpb = tree status, where 1 = live tree; 2 = mountain pine beetle-killed tree; -99 = no trees in point

dbh_cm = diameter at breast height (centimeters), where -99 = no trees in point</eaover>
      <eadetcit>Negron, Jose F. 2020. Within-stand distribution of tree mortality caused by the mountain pine beetle, Dendroctonus ponderosae Hopkins. Insects 11(2): 112. https://doi.org/10.3390/insects11020112</eadetcit>
    </overview>
  </eainfo>
  <distinfo>
    <distrib>
      <cntinfo>
        <cntorgp>
          <cntorg>USDA Forest Service, Research and Development</cntorg>
        </cntorgp>
        <cntaddr>
          <addrtype>mailing and physical</addrtype>
          <address>240 West Prospect Road</address>
          <city>Fort Collins</city>
          <state>CO</state>
          <postal>80526</postal>
          <country>USA</country>
        </cntaddr>
        <cntvoice>see Contact Instructions</cntvoice>
        <cntpos>Research Data Archivist</cntpos>
        <cntinst>This contact information was current as of February 2020. For current information see Contact Us page on: https://doi.org/10.2737/RDS.</cntinst>
      </cntinfo>
    </distrib>
    <resdesc>RDS-2020-0006</resdesc>
    <distliab>Metadata documents have been reviewed for accuracy and completeness. Unless otherwise stated, all data and related materials are considered to satisfy the quality standards relative to the purpose for which the data were collected. However, neither the author, the Archive, nor any part of the federal government can assure the reliability or suitability of these data for a particular purpose. The act of distribution shall not constitute any such warranty, and no responsibility is assumed for a user's application of these data or related materials.

The metadata, data, or related materials may be updated without notification. If a user believes errors are present in the metadata, data or related materials, please use the information in (1) Identification Information: Point of Contact, (2) Metadata Reference: Metadata Contact, or (3) Distribution Information: Distributor to notify the author or the Archive of the issues.</distliab>
    <stdorder>
      <digform>
        <digtinfo>
          <formname>ASCII</formname>
          <formvern>see Format Specification</formvern>
          <formspec>Comma-delimited ASCII text file (CSV)</formspec>
          <filedec>Files zipped with 7-Zip 19.00</filedec>
        </digtinfo>
        <digtopt>
          <onlinopt>
            <computer>
              <networka>
                <networkr>https://doi.org/10.2737/RDS-2020-0006</networkr>
              </networka>
            </computer>
          </onlinopt>
        </digtopt>
      </digform>
      <fees>None</fees>
    </stdorder>
  </distinfo>
  <metainfo>
    <metd>20200210</metd>
    <metc>
      <cntinfo>
        <cntorgp>
          <cntorg>USDA Forest Service, Rocky Mountain Research Station</cntorg>
          <cntper>Jose F. Negron</cntper>
        </cntorgp>
        <cntpos>Research Entomologist</cntpos>
        <cntaddr>
          <addrtype>mailing and physical</addrtype>
          <address>240 West Prospect Road</address>
          <city>Fort Collins</city>
          <state>CO</state>
          <postal>80526</postal>
          <country>USA</country>
        </cntaddr>
        <cntvoice>970-498-1252</cntvoice>
        <cntemail>jose.negron@usda.gov</cntemail>
      </cntinfo>
    </metc>
    <metstdn>FGDC Biological Data Profile of the Content Standard for Digital Geospatial Metadata</metstdn>
    <metstdv>FGDC-STD-001.1-1999</metstdv>
  </metainfo>
</metadata>